{"stats":{"minecraft:custom":{"minecraft:time_since_rest":151,"minecraft:play_time":1674,"minecraft:sprint_one_cm":2452,"minecraft:walk_one_cm":2124,"minecraft:damage_taken":480,"minecraft:deaths":1,"minecraft:walk_under_water_one_cm":418,"minecraft:jump":30,"minecraft:time_since_death":128,"minecraft:leave_game":1,"minecraft:walk_on_water_one_cm":1427,"minecraft:total_world_time":1674,"minecraft:fly_one_cm":5153,"minecraft:fall_one_cm":6049},"minecraft:picked_up":{"minecraft:wheat_seeds":2,"minecraft:spruce_log":1,"minecraft:sugar_cane":2},"minecraft:mined":{"minecraft:podzol":2,"minecraft:large_fern":1,"minecraft:brown_mushroom":1,"minecraft:spruce_leaves":13,"minecraft:spruce_log":1,"minecraft:sugar_cane":2,"minecraft:fern":12},"minecraft:used":{"minecraft:spruce_log":1}},"DataVersion":3120}