{"stats":{"minecraft:mined":{"minecraft:large_fern":1,"minecraft:podzol":2,"minecraft:brown_mushroom":1,"minecraft:dirt":1,"minecraft:spruce_log":1,"minecraft:spruce_leaves":13,"minecraft:sugar_cane":2,"minecraft:fern":12},"minecraft:used":{"minecraft:spruce_log":1},"minecraft:picked_up":{"minecraft:wheat_seeds":2,"minecraft:spruce_log":1,"minecraft:sugar_cane":2,"minecraft:dirt":1},"minecraft:custom":{"minecraft:time_since_rest":18029,"minecraft:sprint_one_cm":2452,"minecraft:play_time":19552,"minecraft:deaths":1,"minecraft:damage_taken":480,"minecraft:walk_one_cm":2124,"minecraft:walk_under_water_one_cm":608,"minecraft:jump":33,"minecraft:leave_game":2,"minecraft:walk_on_water_one_cm":4053,"minecraft:time_since_death":18006,"minecraft:total_world_time":19552,"minecraft:fall_one_cm":6049,"minecraft:fly_one_cm":5153}},"DataVersion":3120}